<manifest><control namespace="DrewPfeif" constructor="DPPSPDFKit" version="1.0.0.1" display-name-key="DPPSPDFKit" description-key="DPPSPDFKit description" control-type="standard" api-version="1.2.1"><property name="sampleProperty" display-name-key="Property_Display_Key" description-key="Property_Desc_Key" of-type="SingleLine.Text" usage="bound" required="true" /><property name="psPdfKitLicsenseKey" display-name-key="PSPDFKit_License_Key_Display_Key" description-key="PSPDFKit_License_Key_Desc_Key" of-type="SingleLine.TextArea" usage="input" required="true" /><resources><code path="bundle.js" order="1" /><css path="css/dppspdfkit.css" order="1" /><resx path="strings/dppspdfkit.1033.resx" version="1.0.0" /></resources><feature-usage><uses-feature name="WebAPI" required="true" /></feature-usage><built-by name="pac" version="1.0.6" /></control></manifest>