<ImportExportXml xmlns:xsi="http://www.w3.org/2001/XMLSchema-instance">
  <Entities></Entities>
  <Roles></Roles>
  <Workflows></Workflows>
  <FieldSecurityProfiles></FieldSecurityProfiles>
  <Templates />
  <EntityMaps />
  <EntityRelationships />
  <OrganizationSettings />
  <optionsets />
  <WebResources>
    <WebResource>
      <WebResourceId>{fdde05f5-f315-ea11-a811-000d3a30022a}</WebResourceId>
      <Name>cc_DrewPfeif.DPPSPDFKit/pspdfkit-lib/chunk-standalone-d846d42cd9fe5aa7.js</Name>
      <DisplayName>DrewPfeif.DPPSPDFKit/pspdfkit-lib/chunk-standalone-d846d42cd9fe5aa7.js</DisplayName>
      <WebResourceType>3</WebResourceType>
      <IntroducedVersion>1.0.0.0</IntroducedVersion>
      <IsEnabledForMobileClient>0</IsEnabledForMobileClient>
      <IsAvailableForMobileOffline>0</IsAvailableForMobileOffline>
      <DependencyXml>&lt;Dependencies&gt;&lt;Dependency componentType="WebResource"/&gt;&lt;/Dependencies&gt;</DependencyXml>
      <IsCustomizable>1</IsCustomizable>
      <CanBeDeleted>1</CanBeDeleted>
      <IsHidden>0</IsHidden>
      <FileName>/WebResources/cc_DrewPfeifDPPSPDFKitpspdfkit-libchunk-standaloneFDDE05F5-F315-EA11-A811-000D3A30022A</FileName>
    </WebResource>
    <WebResource>
      <WebResourceId>{9d3853ef-f615-ea11-a811-000d3a30022a}</WebResourceId>
      <Name>cc_DrewPfeif.DPPSPDFKit/pspdfkit-lib/pspdfkit.css</Name>
      <DisplayName>DrewPfeif.DPPSPDFKit/pspdfkit-lib/pspdfkit.css</DisplayName>
      <WebResourceType>2</WebResourceType>
      <IntroducedVersion>1.0.0.0</IntroducedVersion>
      <IsEnabledForMobileClient>0</IsEnabledForMobileClient>
      <IsAvailableForMobileOffline>0</IsAvailableForMobileOffline>
      <DependencyXml>&lt;Dependencies&gt;&lt;Dependency componentType="WebResource"/&gt;&lt;/Dependencies&gt;</DependencyXml>
      <IsCustomizable>1</IsCustomizable>
      <CanBeDeleted>1</CanBeDeleted>
      <IsHidden>0</IsHidden>
      <FileName>/WebResources/cc_DrewPfeifDPPSPDFKitpspdfkit-libpspdfkitcss9D3853EF-F615-EA11-A811-000D3A30022A</FileName>
    </WebResource>
    <WebResource>
      <WebResourceId>{36cd8522-f715-ea11-a811-000d3a30022a}</WebResourceId>
      <Name>cc_DrewPfeif.DPPSPDFKit/pspdfkit-lib/chunk-locale-en-a450996c8e6756fa.js</Name>
      <DisplayName>DrewPfeif.DPPSPDFKit/pspdfkit-lib/chunk-locale-en-a450996c8e6756fa.js</DisplayName>
      <WebResourceType>3</WebResourceType>
      <IntroducedVersion>1.0.0.0</IntroducedVersion>
      <IsEnabledForMobileClient>0</IsEnabledForMobileClient>
      <IsAvailableForMobileOffline>0</IsAvailableForMobileOffline>
      <DependencyXml>&lt;Dependencies&gt;&lt;Dependency componentType="WebResource"/&gt;&lt;/Dependencies&gt;</DependencyXml>
      <IsCustomizable>1</IsCustomizable>
      <CanBeDeleted>1</CanBeDeleted>
      <IsHidden>0</IsHidden>
      <FileName>/WebResources/cc_DrewPfeifDPPSPDFKitpspdfkit-libchunk-locale-en-36CD8522-F715-EA11-A811-000D3A30022A</FileName>
    </WebResource>
    <WebResource>
      <WebResourceId>{5051e050-f715-ea11-a811-000d3a30022a}</WebResourceId>
      <Name>cc_DrewPfeif.DPPSPDFKit/pspdfkit-lib/pspdfkit-6d6ccc025d5e792e.wasm.js</Name>
      <DisplayName>DrewPfeif.DPPSPDFKit/pspdfkit-lib/pspdfkit-6d6ccc025d5e792e.wasm.js</DisplayName>
      <WebResourceType>3</WebResourceType>
      <IntroducedVersion>1.0.0.0</IntroducedVersion>
      <IsEnabledForMobileClient>0</IsEnabledForMobileClient>
      <IsAvailableForMobileOffline>0</IsAvailableForMobileOffline>
      <DependencyXml>&lt;Dependencies&gt;&lt;Dependency componentType="WebResource"/&gt;&lt;/Dependencies&gt;</DependencyXml>
      <IsCustomizable>1</IsCustomizable>
      <CanBeDeleted>1</CanBeDeleted>
      <IsHidden>0</IsHidden>
      <FileName>/WebResources/cc_DrewPfeifDPPSPDFKitpspdfkit-libpspdfkit-6d6ccc05051E050-F715-EA11-A811-000D3A30022A</FileName>
    </WebResource>
    <WebResource>
      <WebResourceId>{6912e3ac-f715-ea11-a811-000d3a30022a}</WebResourceId>
      <Name>cc_DrewPfeif.DPPSPDFKit/pspdfkit-lib/pspdfkit-a9920be7ccaf7bfc.wasm</Name>
      <DisplayName>DrewPfeif.DPPSPDFKit/pspdfkit-lib/pspdfkit-a9920be7ccaf7bfc.wasm</DisplayName>
      <WebResourceType>3</WebResourceType>
      <IntroducedVersion>1.0.0.0</IntroducedVersion>
      <IsEnabledForMobileClient>0</IsEnabledForMobileClient>
      <IsAvailableForMobileOffline>0</IsAvailableForMobileOffline>
      <DependencyXml>&lt;Dependencies&gt;&lt;Dependency componentType="WebResource"/&gt;&lt;/Dependencies&gt;</DependencyXml>
      <IsCustomizable>1</IsCustomizable>
      <CanBeDeleted>1</CanBeDeleted>
      <IsHidden>0</IsHidden>
      <FileName>/WebResources/cc_DrewPfeifDPPSPDFKitpspdfkit-libpspdfkit-a9920be6912E3AC-F715-EA11-A811-000D3A30022A</FileName>
    </WebResource>
    <WebResource>
      <WebResourceId>{92573273-0316-ea11-a811-000d3a30022a}</WebResourceId>
      <Name>cc_DrewPfeif.DPPSPDFKit/pspdfkit-lib/chunk-36-8a4c65e048ac2bc1.js</Name>
      <DisplayName>DrewPfeif.DPPSPDFKit/pspdfkit-lib/chunk-36-8a4c65e048ac2bc1.js</DisplayName>
      <WebResourceType>3</WebResourceType>
      <IntroducedVersion>1.0.0.0</IntroducedVersion>
      <IsEnabledForMobileClient>0</IsEnabledForMobileClient>
      <IsAvailableForMobileOffline>0</IsAvailableForMobileOffline>
      <DependencyXml>&lt;Dependencies&gt;&lt;Dependency componentType="WebResource"/&gt;&lt;/Dependencies&gt;</DependencyXml>
      <IsCustomizable>1</IsCustomizable>
      <CanBeDeleted>1</CanBeDeleted>
      <IsHidden>0</IsHidden>
      <FileName>/WebResources/cc_DrewPfeifDPPSPDFKitpspdfkit-libchunk-36-8a4c65e92573273-0316-EA11-A811-000D3A30022A</FileName>
    </WebResource>
    <WebResource>
      <WebResourceId>{5049668c-0316-ea11-a811-000d3a30022a}</WebResourceId>
      <Name>cc_DrewPfeif.DPPSPDFKit/pspdfkit-lib/chunk-37-dd7b17b52543cf46.js</Name>
      <DisplayName>DrewPfeif.DPPSPDFKit/pspdfkit-lib/chunk-37-dd7b17b52543cf46.js</DisplayName>
      <WebResourceType>3</WebResourceType>
      <IntroducedVersion>1.0.0.0</IntroducedVersion>
      <IsEnabledForMobileClient>0</IsEnabledForMobileClient>
      <IsAvailableForMobileOffline>0</IsAvailableForMobileOffline>
      <DependencyXml>&lt;Dependencies&gt;&lt;Dependency componentType="WebResource"/&gt;&lt;/Dependencies&gt;</DependencyXml>
      <IsCustomizable>1</IsCustomizable>
      <CanBeDeleted>1</CanBeDeleted>
      <IsHidden>0</IsHidden>
      <FileName>/WebResources/cc_DrewPfeifDPPSPDFKitpspdfkit-libchunk-37-dd7b17b5049668C-0316-EA11-A811-000D3A30022A</FileName>
    </WebResource>
    <WebResource>
      <WebResourceId>{52c509b5-0316-ea11-a811-000d3a30022a}</WebResourceId>
      <Name>cc_DrewPfeif.DPPSPDFKit/pspdfkit-lib/chunk-38-cbf22e1a047cd21c.js</Name>
      <DisplayName>DrewPfeif.DPPSPDFKit/pspdfkit-lib/chunk-38-cbf22e1a047cd21c.js</DisplayName>
      <WebResourceType>3</WebResourceType>
      <IntroducedVersion>1.0.0.0</IntroducedVersion>
      <IsEnabledForMobileClient>0</IsEnabledForMobileClient>
      <IsAvailableForMobileOffline>0</IsAvailableForMobileOffline>
      <DependencyXml>&lt;Dependencies&gt;&lt;Dependency componentType="WebResource"/&gt;&lt;/Dependencies&gt;</DependencyXml>
      <IsCustomizable>1</IsCustomizable>
      <CanBeDeleted>1</CanBeDeleted>
      <IsHidden>0</IsHidden>
      <FileName>/WebResources/cc_DrewPfeifDPPSPDFKitpspdfkit-libchunk-38-cbf22e152C509B5-0316-EA11-A811-000D3A30022A</FileName>
    </WebResource>
    <WebResource>
      <WebResourceId>{d9fbdecf-0316-ea11-a811-000d3a30022a}</WebResourceId>
      <Name>cc_DrewPfeif.DPPSPDFKit/pspdfkit-lib/chunk-locale-cs-8680075e7b9c24ad.js</Name>
      <DisplayName>DrewPfeif.DPPSPDFKit/pspdfkit-lib/chunk-locale-cs-8680075e7b9c24ad.js</DisplayName>
      <WebResourceType>3</WebResourceType>
      <IntroducedVersion>1.0.0.0</IntroducedVersion>
      <IsEnabledForMobileClient>0</IsEnabledForMobileClient>
      <IsAvailableForMobileOffline>0</IsAvailableForMobileOffline>
      <DependencyXml>&lt;Dependencies&gt;&lt;Dependency componentType="WebResource"/&gt;&lt;/Dependencies&gt;</DependencyXml>
      <IsCustomizable>1</IsCustomizable>
      <CanBeDeleted>1</CanBeDeleted>
      <IsHidden>0</IsHidden>
      <FileName>/WebResources/cc_DrewPfeifDPPSPDFKitpspdfkit-libchunk-locale-cs-D9FBDECF-0316-EA11-A811-000D3A30022A</FileName>
    </WebResource>
    <WebResource>
      <WebResourceId>{b9745ff2-0416-ea11-a811-000d3a30022a}</WebResourceId>
      <Name>cc_DrewPfeif.DPPSPDFKit/pspdfkit-lib/chunk-locale-cy-4672bb90ef6764a5.js</Name>
      <DisplayName>DrewPfeif.DPPSPDFKit/pspdfkit-lib/chunk-locale-cy-4672bb90ef6764a5.js</DisplayName>
      <WebResourceType>3</WebResourceType>
      <IntroducedVersion>1.0.0.0</IntroducedVersion>
      <IsEnabledForMobileClient>0</IsEnabledForMobileClient>
      <IsAvailableForMobileOffline>0</IsAvailableForMobileOffline>
      <DependencyXml>&lt;Dependencies&gt;&lt;Dependency componentType="WebResource"/&gt;&lt;/Dependencies&gt;</DependencyXml>
      <IsCustomizable>1</IsCustomizable>
      <CanBeDeleted>1</CanBeDeleted>
      <IsHidden>0</IsHidden>
      <FileName>/WebResources/cc_DrewPfeifDPPSPDFKitpspdfkit-libchunk-locale-cy-B9745FF2-0416-EA11-A811-000D3A30022A</FileName>
    </WebResource>
    <WebResource>
      <WebResourceId>{59d24700-0516-ea11-a811-000d3a30022a}</WebResourceId>
      <Name>cc_DrewPfeif.DPPSPDFKit/pspdfkit-lib/chunk-locale-da-9c6343024200375a.js</Name>
      <DisplayName>DrewPfeif.DPPSPDFKit/pspdfkit-lib/chunk-locale-da-9c6343024200375a.js</DisplayName>
      <WebResourceType>3</WebResourceType>
      <IntroducedVersion>1.0.0.0</IntroducedVersion>
      <IsEnabledForMobileClient>0</IsEnabledForMobileClient>
      <IsAvailableForMobileOffline>0</IsAvailableForMobileOffline>
      <DependencyXml>&lt;Dependencies&gt;&lt;Dependency componentType="WebResource"/&gt;&lt;/Dependencies&gt;</DependencyXml>
      <IsCustomizable>1</IsCustomizable>
      <CanBeDeleted>1</CanBeDeleted>
      <IsHidden>0</IsHidden>
      <FileName>/WebResources/cc_DrewPfeifDPPSPDFKitpspdfkit-libchunk-locale-da-59D24700-0516-EA11-A811-000D3A30022A</FileName>
    </WebResource>
    <WebResource>
      <WebResourceId>{8d339112-0516-ea11-a811-000d3a30022a}</WebResourceId>
      <Name>cc_DrewPfeif.DPPSPDFKit/pspdfkit-lib/chunk-locale-de-9aed968f91ff169e.js</Name>
      <DisplayName>DrewPfeif.DPPSPDFKit/pspdfkit-lib/chunk-locale-de-9aed968f91ff169e.js</DisplayName>
      <WebResourceType>3</WebResourceType>
      <IntroducedVersion>1.0.0.0</IntroducedVersion>
      <IsEnabledForMobileClient>0</IsEnabledForMobileClient>
      <IsAvailableForMobileOffline>0</IsAvailableForMobileOffline>
      <DependencyXml>&lt;Dependencies&gt;&lt;Dependency componentType="WebResource"/&gt;&lt;/Dependencies&gt;</DependencyXml>
      <IsCustomizable>1</IsCustomizable>
      <CanBeDeleted>1</CanBeDeleted>
      <IsHidden>0</IsHidden>
      <FileName>/WebResources/cc_DrewPfeifDPPSPDFKitpspdfkit-libchunk-locale-de-8D339112-0516-EA11-A811-000D3A30022A</FileName>
    </WebResource>
    <WebResource>
      <WebResourceId>{54b3f02a-0516-ea11-a811-000d3a30022a}</WebResourceId>
      <Name>cc_DrewPfeif.DPPSPDFKit/pspdfkit-lib/chunk-locale-el-657fd34a32317a66.js</Name>
      <DisplayName>DrewPfeif.DPPSPDFKit/pspdfkit-lib/chunk-locale-el-657fd34a32317a66.js</DisplayName>
      <WebResourceType>3</WebResourceType>
      <IntroducedVersion>1.0.0.0</IntroducedVersion>
      <IsEnabledForMobileClient>0</IsEnabledForMobileClient>
      <IsAvailableForMobileOffline>0</IsAvailableForMobileOffline>
      <DependencyXml>&lt;Dependencies&gt;&lt;Dependency componentType="WebResource"/&gt;&lt;/Dependencies&gt;</DependencyXml>
      <IsCustomizable>1</IsCustomizable>
      <CanBeDeleted>1</CanBeDeleted>
      <IsHidden>0</IsHidden>
      <FileName>/WebResources/cc_DrewPfeifDPPSPDFKitpspdfkit-libchunk-locale-el-54B3F02A-0516-EA11-A811-000D3A30022A</FileName>
    </WebResource>
    <WebResource>
      <WebResourceId>{1686903b-0516-ea11-a811-000d3a30022a}</WebResourceId>
      <Name>cc_DrewPfeif.DPPSPDFKit/pspdfkit-lib/chunk-locale-es-fbbe6418332a4470.js</Name>
      <DisplayName>DrewPfeif.DPPSPDFKit/pspdfkit-lib/chunk-locale-es-fbbe6418332a4470.js</DisplayName>
      <WebResourceType>3</WebResourceType>
      <IntroducedVersion>1.0.0.0</IntroducedVersion>
      <IsEnabledForMobileClient>0</IsEnabledForMobileClient>
      <IsAvailableForMobileOffline>0</IsAvailableForMobileOffline>
      <DependencyXml>&lt;Dependencies&gt;&lt;Dependency componentType="WebResource"/&gt;&lt;/Dependencies&gt;</DependencyXml>
      <IsCustomizable>1</IsCustomizable>
      <CanBeDeleted>1</CanBeDeleted>
      <IsHidden>0</IsHidden>
      <FileName>/WebResources/cc_DrewPfeifDPPSPDFKitpspdfkit-libchunk-locale-es-1686903B-0516-EA11-A811-000D3A30022A</FileName>
    </WebResource>
    <WebResource>
      <WebResourceId>{ba12d84c-0516-ea11-a811-000d3a30022a}</WebResourceId>
      <Name>cc_DrewPfeif.DPPSPDFKit/pspdfkit-lib/chunk-locale-fi-58fa0648f3555a5d.js</Name>
      <DisplayName>DrewPfeif.DPPSPDFKit/pspdfkit-lib/chunk-locale-fi-58fa0648f3555a5d.js</DisplayName>
      <WebResourceType>3</WebResourceType>
      <IntroducedVersion>1.0.0.0</IntroducedVersion>
      <IsEnabledForMobileClient>0</IsEnabledForMobileClient>
      <IsAvailableForMobileOffline>0</IsAvailableForMobileOffline>
      <DependencyXml>&lt;Dependencies&gt;&lt;Dependency componentType="WebResource"/&gt;&lt;/Dependencies&gt;</DependencyXml>
      <IsCustomizable>1</IsCustomizable>
      <CanBeDeleted>1</CanBeDeleted>
      <IsHidden>0</IsHidden>
      <FileName>/WebResources/cc_DrewPfeifDPPSPDFKitpspdfkit-libchunk-locale-fi-BA12D84C-0516-EA11-A811-000D3A30022A</FileName>
    </WebResource>
    <WebResource>
      <WebResourceId>{892bca68-0516-ea11-a811-000d3a30022a}</WebResourceId>
      <Name>cc_DrewPfeif.DPPSPDFKit/pspdfkit-lib/chunk-locale-fr-48fdb908fcf9fbe2.js</Name>
      <DisplayName>DrewPfeif.DPPSPDFKit/pspdfkit-lib/chunk-locale-fr-48fdb908fcf9fbe2.js</DisplayName>
      <WebResourceType>3</WebResourceType>
      <IntroducedVersion>1.0.0.0</IntroducedVersion>
      <IsEnabledForMobileClient>0</IsEnabledForMobileClient>
      <IsAvailableForMobileOffline>0</IsAvailableForMobileOffline>
      <DependencyXml>&lt;Dependencies&gt;&lt;Dependency componentType="WebResource"/&gt;&lt;/Dependencies&gt;</DependencyXml>
      <IsCustomizable>1</IsCustomizable>
      <CanBeDeleted>1</CanBeDeleted>
      <IsHidden>0</IsHidden>
      <FileName>/WebResources/cc_DrewPfeifDPPSPDFKitpspdfkit-libchunk-locale-fr-892BCA68-0516-EA11-A811-000D3A30022A</FileName>
    </WebResource>
    <WebResource>
      <WebResourceId>{780df979-0516-ea11-a811-000d3a30022a}</WebResourceId>
      <Name>cc_DrewPfeif.DPPSPDFKit/pspdfkit-lib/chunk-locale-fr-CA-8dac82c2849f300a.js</Name>
      <DisplayName>DrewPfeif.DPPSPDFKit/pspdfkit-lib/chunk-locale-fr-CA-8dac82c2849f300a.js</DisplayName>
      <WebResourceType>3</WebResourceType>
      <IntroducedVersion>1.0.0.0</IntroducedVersion>
      <IsEnabledForMobileClient>0</IsEnabledForMobileClient>
      <IsAvailableForMobileOffline>0</IsAvailableForMobileOffline>
      <DependencyXml>&lt;Dependencies&gt;&lt;Dependency componentType="WebResource"/&gt;&lt;/Dependencies&gt;</DependencyXml>
      <IsCustomizable>1</IsCustomizable>
      <CanBeDeleted>1</CanBeDeleted>
      <IsHidden>0</IsHidden>
      <FileName>/WebResources/cc_DrewPfeifDPPSPDFKitpspdfkit-libchunk-locale-fr-780DF979-0516-EA11-A811-000D3A30022A</FileName>
    </WebResource>
    <WebResource>
      <WebResourceId>{4f1b0a87-0516-ea11-a811-000d3a30022a}</WebResourceId>
      <Name>cc_DrewPfeif.DPPSPDFKit/pspdfkit-lib/chunk-locale-hr-abddd7d204ce71fe.js</Name>
      <DisplayName>DrewPfeif.DPPSPDFKit/pspdfkit-lib/chunk-locale-hr-abddd7d204ce71fe.js</DisplayName>
      <WebResourceType>3</WebResourceType>
      <IntroducedVersion>1.0.0.0</IntroducedVersion>
      <IsEnabledForMobileClient>0</IsEnabledForMobileClient>
      <IsAvailableForMobileOffline>0</IsAvailableForMobileOffline>
      <DependencyXml>&lt;Dependencies&gt;&lt;Dependency componentType="WebResource"/&gt;&lt;/Dependencies&gt;</DependencyXml>
      <IsCustomizable>1</IsCustomizable>
      <CanBeDeleted>1</CanBeDeleted>
      <IsHidden>0</IsHidden>
      <FileName>/WebResources/cc_DrewPfeifDPPSPDFKitpspdfkit-libchunk-locale-hr-4F1B0A87-0516-EA11-A811-000D3A30022A</FileName>
    </WebResource>
    <WebResource>
      <WebResourceId>{7d898197-0516-ea11-a811-000d3a30022a}</WebResourceId>
      <Name>cc_DrewPfeif.DPPSPDFKit/pspdfkit-lib/chunk-locale-id-82975225d69fc3c6.js</Name>
      <DisplayName>DrewPfeif.DPPSPDFKit/pspdfkit-lib/chunk-locale-id-82975225d69fc3c6.js</DisplayName>
      <WebResourceType>3</WebResourceType>
      <IntroducedVersion>1.0.0.0</IntroducedVersion>
      <IsEnabledForMobileClient>0</IsEnabledForMobileClient>
      <IsAvailableForMobileOffline>0</IsAvailableForMobileOffline>
      <DependencyXml>&lt;Dependencies&gt;&lt;Dependency componentType="WebResource"/&gt;&lt;/Dependencies&gt;</DependencyXml>
      <IsCustomizable>1</IsCustomizable>
      <CanBeDeleted>1</CanBeDeleted>
      <IsHidden>0</IsHidden>
      <FileName>/WebResources/cc_DrewPfeifDPPSPDFKitpspdfkit-libchunk-locale-id-7D898197-0516-EA11-A811-000D3A30022A</FileName>
    </WebResource>
    <WebResource>
      <WebResourceId>{f12481a5-0516-ea11-a811-000d3a30022a}</WebResourceId>
      <Name>cc_DrewPfeif.DPPSPDFKit/pspdfkit-lib/chunk-locale-it-635da2c44569d40b.js</Name>
      <DisplayName>DrewPfeif.DPPSPDFKit/pspdfkit-lib/chunk-locale-it-635da2c44569d40b.js</DisplayName>
      <WebResourceType>3</WebResourceType>
      <IntroducedVersion>1.0.0.0</IntroducedVersion>
      <IsEnabledForMobileClient>0</IsEnabledForMobileClient>
      <IsAvailableForMobileOffline>0</IsAvailableForMobileOffline>
      <DependencyXml>&lt;Dependencies&gt;&lt;Dependency componentType="WebResource"/&gt;&lt;/Dependencies&gt;</DependencyXml>
      <IsCustomizable>1</IsCustomizable>
      <CanBeDeleted>1</CanBeDeleted>
      <IsHidden>0</IsHidden>
      <FileName>/WebResources/cc_DrewPfeifDPPSPDFKitpspdfkit-libchunk-locale-it-F12481A5-0516-EA11-A811-000D3A30022A</FileName>
    </WebResource>
    <WebResource>
      <WebResourceId>{7c6b99ba-0516-ea11-a811-000d3a30022a}</WebResourceId>
      <Name>cc_DrewPfeif.DPPSPDFKit/pspdfkit-lib/chunk-locale-ja-5a0b99a40aa587d4.js</Name>
      <DisplayName>DrewPfeif.DPPSPDFKit/pspdfkit-lib/chunk-locale-ja-5a0b99a40aa587d4.js</DisplayName>
      <WebResourceType>3</WebResourceType>
      <IntroducedVersion>1.0.0.0</IntroducedVersion>
      <IsEnabledForMobileClient>0</IsEnabledForMobileClient>
      <IsAvailableForMobileOffline>0</IsAvailableForMobileOffline>
      <DependencyXml>&lt;Dependencies&gt;&lt;Dependency componentType="WebResource"/&gt;&lt;/Dependencies&gt;</DependencyXml>
      <IsCustomizable>1</IsCustomizable>
      <CanBeDeleted>1</CanBeDeleted>
      <IsHidden>0</IsHidden>
      <FileName>/WebResources/cc_DrewPfeifDPPSPDFKitpspdfkit-libchunk-locale-ja-7C6B99BA-0516-EA11-A811-000D3A30022A</FileName>
    </WebResource>
    <WebResource>
      <WebResourceId>{fcd594c8-0516-ea11-a811-000d3a30022a}</WebResourceId>
      <Name>cc_DrewPfeif.DPPSPDFKit/pspdfkit-lib/chunk-locale-ko-599e8d51d089fecd.js</Name>
      <DisplayName>DrewPfeif.DPPSPDFKit/pspdfkit-lib/chunk-locale-ko-599e8d51d089fecd.js</DisplayName>
      <WebResourceType>3</WebResourceType>
      <IntroducedVersion>1.0.0.0</IntroducedVersion>
      <IsEnabledForMobileClient>0</IsEnabledForMobileClient>
      <IsAvailableForMobileOffline>0</IsAvailableForMobileOffline>
      <DependencyXml>&lt;Dependencies&gt;&lt;Dependency componentType="WebResource"/&gt;&lt;/Dependencies&gt;</DependencyXml>
      <IsCustomizable>1</IsCustomizable>
      <CanBeDeleted>1</CanBeDeleted>
      <IsHidden>0</IsHidden>
      <FileName>/WebResources/cc_DrewPfeifDPPSPDFKitpspdfkit-libchunk-locale-ko-FCD594C8-0516-EA11-A811-000D3A30022A</FileName>
    </WebResource>
    <WebResource>
      <WebResourceId>{61870bd7-0516-ea11-a811-000d3a30022a}</WebResourceId>
      <Name>cc_DrewPfeif.DPPSPDFKit/pspdfkit-lib/chunk-locale-ms-90f060bbdb0cb6f2.js</Name>
      <DisplayName>DrewPfeif.DPPSPDFKit/pspdfkit-lib/chunk-locale-ms-90f060bbdb0cb6f2.js</DisplayName>
      <WebResourceType>3</WebResourceType>
      <IntroducedVersion>1.0.0.0</IntroducedVersion>
      <IsEnabledForMobileClient>0</IsEnabledForMobileClient>
      <IsAvailableForMobileOffline>0</IsAvailableForMobileOffline>
      <DependencyXml>&lt;Dependencies&gt;&lt;Dependency componentType="WebResource"/&gt;&lt;/Dependencies&gt;</DependencyXml>
      <IsCustomizable>1</IsCustomizable>
      <CanBeDeleted>1</CanBeDeleted>
      <IsHidden>0</IsHidden>
      <FileName>/WebResources/cc_DrewPfeifDPPSPDFKitpspdfkit-libchunk-locale-ms-61870BD7-0516-EA11-A811-000D3A30022A</FileName>
    </WebResource>
    <WebResource>
      <WebResourceId>{d2e249e4-0516-ea11-a811-000d3a30022a}</WebResourceId>
      <Name>cc_DrewPfeif.DPPSPDFKit/pspdfkit-lib/chunk-locale-nb-77d27b914f5a566f.js</Name>
      <DisplayName>DrewPfeif.DPPSPDFKit/pspdfkit-lib/chunk-locale-nb-77d27b914f5a566f.js</DisplayName>
      <WebResourceType>3</WebResourceType>
      <IntroducedVersion>1.0.0.0</IntroducedVersion>
      <IsEnabledForMobileClient>0</IsEnabledForMobileClient>
      <IsAvailableForMobileOffline>0</IsAvailableForMobileOffline>
      <DependencyXml>&lt;Dependencies&gt;&lt;Dependency componentType="WebResource"/&gt;&lt;/Dependencies&gt;</DependencyXml>
      <IsCustomizable>1</IsCustomizable>
      <CanBeDeleted>1</CanBeDeleted>
      <IsHidden>0</IsHidden>
      <FileName>/WebResources/cc_DrewPfeifDPPSPDFKitpspdfkit-libchunk-locale-nb-D2E249E4-0516-EA11-A811-000D3A30022A</FileName>
    </WebResource>
    <WebResource>
      <WebResourceId>{77241df1-0516-ea11-a811-000d3a30022a}</WebResourceId>
      <Name>cc_DrewPfeif.DPPSPDFKit/pspdfkit-lib/chunk-locale-nb-NO-2ccaf24f06c141cf.js</Name>
      <DisplayName>DrewPfeif.DPPSPDFKit/pspdfkit-lib/chunk-locale-nb-NO-2ccaf24f06c141cf.js</DisplayName>
      <WebResourceType>3</WebResourceType>
      <IntroducedVersion>1.0.0.0</IntroducedVersion>
      <IsEnabledForMobileClient>0</IsEnabledForMobileClient>
      <IsAvailableForMobileOffline>0</IsAvailableForMobileOffline>
      <DependencyXml>&lt;Dependencies&gt;&lt;Dependency componentType="WebResource"/&gt;&lt;/Dependencies&gt;</DependencyXml>
      <IsCustomizable>1</IsCustomizable>
      <CanBeDeleted>1</CanBeDeleted>
      <IsHidden>0</IsHidden>
      <FileName>/WebResources/cc_DrewPfeifDPPSPDFKitpspdfkit-libchunk-locale-nb-77241DF1-0516-EA11-A811-000D3A30022A</FileName>
    </WebResource>
    <WebResource>
      <WebResourceId>{941ed2fc-0516-ea11-a811-000d3a30022a}</WebResourceId>
      <Name>cc_DrewPfeif.DPPSPDFKit/pspdfkit-lib/chunk-locale-nl-3380eb2467ec4248.js</Name>
      <DisplayName>DrewPfeif.DPPSPDFKit/pspdfkit-lib/chunk-locale-nl-3380eb2467ec4248.js</DisplayName>
      <WebResourceType>3</WebResourceType>
      <IntroducedVersion>1.0.0.0</IntroducedVersion>
      <IsEnabledForMobileClient>0</IsEnabledForMobileClient>
      <IsAvailableForMobileOffline>0</IsAvailableForMobileOffline>
      <DependencyXml>&lt;Dependencies&gt;&lt;Dependency componentType="WebResource"/&gt;&lt;/Dependencies&gt;</DependencyXml>
      <IsCustomizable>1</IsCustomizable>
      <CanBeDeleted>1</CanBeDeleted>
      <IsHidden>0</IsHidden>
      <FileName>/WebResources/cc_DrewPfeifDPPSPDFKitpspdfkit-libchunk-locale-nl-941ED2FC-0516-EA11-A811-000D3A30022A</FileName>
    </WebResource>
    <WebResource>
      <WebResourceId>{62e62e0e-0616-ea11-a811-000d3a30022a}</WebResourceId>
      <Name>cc_DrewPfeif.DPPSPDFKit/pspdfkit-lib/chunk-locale-pl-94bb1f7e502b9904.js</Name>
      <DisplayName>DrewPfeif.DPPSPDFKit/pspdfkit-lib/chunk-locale-pl-94bb1f7e502b9904.js</DisplayName>
      <WebResourceType>3</WebResourceType>
      <IntroducedVersion>1.0.0.0</IntroducedVersion>
      <IsEnabledForMobileClient>0</IsEnabledForMobileClient>
      <IsAvailableForMobileOffline>0</IsAvailableForMobileOffline>
      <DependencyXml>&lt;Dependencies&gt;&lt;Dependency componentType="WebResource"/&gt;&lt;/Dependencies&gt;</DependencyXml>
      <IsCustomizable>1</IsCustomizable>
      <CanBeDeleted>1</CanBeDeleted>
      <IsHidden>0</IsHidden>
      <FileName>/WebResources/cc_DrewPfeifDPPSPDFKitpspdfkit-libchunk-locale-pl-62E62E0E-0616-EA11-A811-000D3A30022A</FileName>
    </WebResource>
    <WebResource>
      <WebResourceId>{47103535-0616-ea11-a811-000d3a30022a}</WebResourceId>
      <Name>cc_DrewPfeif.DPPSPDFKit/pspdfkit-lib/chunk-locale-pt-6154a607d64f69ff.js</Name>
      <DisplayName>DrewPfeif.DPPSPDFKit/pspdfkit-lib/chunk-locale-pt-6154a607d64f69ff.js</DisplayName>
      <WebResourceType>3</WebResourceType>
      <IntroducedVersion>1.0.0.0</IntroducedVersion>
      <IsEnabledForMobileClient>0</IsEnabledForMobileClient>
      <IsAvailableForMobileOffline>0</IsAvailableForMobileOffline>
      <DependencyXml>&lt;Dependencies&gt;&lt;Dependency componentType="WebResource"/&gt;&lt;/Dependencies&gt;</DependencyXml>
      <IsCustomizable>1</IsCustomizable>
      <CanBeDeleted>1</CanBeDeleted>
      <IsHidden>0</IsHidden>
      <FileName>/WebResources/cc_DrewPfeifDPPSPDFKitpspdfkit-libchunk-locale-pt-47103535-0616-EA11-A811-000D3A30022A</FileName>
    </WebResource>
    <WebResource>
      <WebResourceId>{b2873443-0616-ea11-a811-000d3a30022a}</WebResourceId>
      <Name>cc_DrewPfeif.DPPSPDFKit/pspdfkit-lib/chunk-locale-pt-PT-a09c475293fa22e8.js</Name>
      <DisplayName>DrewPfeif.DPPSPDFKit/pspdfkit-lib/chunk-locale-pt-PT-a09c475293fa22e8.js</DisplayName>
      <WebResourceType>3</WebResourceType>
      <IntroducedVersion>1.0.0.0</IntroducedVersion>
      <IsEnabledForMobileClient>0</IsEnabledForMobileClient>
      <IsAvailableForMobileOffline>0</IsAvailableForMobileOffline>
      <DependencyXml>&lt;Dependencies&gt;&lt;Dependency componentType="WebResource"/&gt;&lt;/Dependencies&gt;</DependencyXml>
      <IsCustomizable>1</IsCustomizable>
      <CanBeDeleted>1</CanBeDeleted>
      <IsHidden>0</IsHidden>
      <FileName>/WebResources/cc_DrewPfeifDPPSPDFKitpspdfkit-libchunk-locale-pt-B2873443-0616-EA11-A811-000D3A30022A</FileName>
    </WebResource>
    <WebResource>
      <WebResourceId>{d5964152-0616-ea11-a811-000d3a30022a}</WebResourceId>
      <Name>cc_DrewPfeif.DPPSPDFKit/pspdfkit-lib/chunk-locale-ru-05bff2ece688f77b.js</Name>
      <DisplayName>DrewPfeif.DPPSPDFKit/pspdfkit-lib/chunk-locale-ru-05bff2ece688f77b.js</DisplayName>
      <WebResourceType>3</WebResourceType>
      <IntroducedVersion>1.0.0.0</IntroducedVersion>
      <IsEnabledForMobileClient>0</IsEnabledForMobileClient>
      <IsAvailableForMobileOffline>0</IsAvailableForMobileOffline>
      <DependencyXml>&lt;Dependencies&gt;&lt;Dependency componentType="WebResource"/&gt;&lt;/Dependencies&gt;</DependencyXml>
      <IsCustomizable>1</IsCustomizable>
      <CanBeDeleted>1</CanBeDeleted>
      <IsHidden>0</IsHidden>
      <FileName>/WebResources/cc_DrewPfeifDPPSPDFKitpspdfkit-libchunk-locale-ru-D5964152-0616-EA11-A811-000D3A30022A</FileName>
    </WebResource>
    <WebResource>
      <WebResourceId>{2ca6525f-0616-ea11-a811-000d3a30022a}</WebResourceId>
      <Name>cc_DrewPfeif.DPPSPDFKit/pspdfkit-lib/chunk-locale-sk-5e21d5f7395730dc.js</Name>
      <DisplayName>DrewPfeif.DPPSPDFKit/pspdfkit-lib/chunk-locale-sk-5e21d5f7395730dc.js</DisplayName>
      <WebResourceType>3</WebResourceType>
      <IntroducedVersion>1.0.0.0</IntroducedVersion>
      <IsEnabledForMobileClient>0</IsEnabledForMobileClient>
      <IsAvailableForMobileOffline>0</IsAvailableForMobileOffline>
      <DependencyXml>&lt;Dependencies&gt;&lt;Dependency componentType="WebResource"/&gt;&lt;/Dependencies&gt;</DependencyXml>
      <IsCustomizable>1</IsCustomizable>
      <CanBeDeleted>1</CanBeDeleted>
      <IsHidden>0</IsHidden>
      <FileName>/WebResources/cc_DrewPfeifDPPSPDFKitpspdfkit-libchunk-locale-sk-2CA6525F-0616-EA11-A811-000D3A30022A</FileName>
    </WebResource>
    <WebResource>
      <WebResourceId>{8d92467a-0616-ea11-a811-000d3a30022a}</WebResourceId>
      <Name>cc_DrewPfeif.DPPSPDFKit/pspdfkit-lib/chunk-locale-sl-dd7e0c1eb4f90e4a.js</Name>
      <DisplayName>DrewPfeif.DPPSPDFKit/pspdfkit-lib/chunk-locale-sl-dd7e0c1eb4f90e4a.js</DisplayName>
      <WebResourceType>3</WebResourceType>
      <IntroducedVersion>1.0.0.0</IntroducedVersion>
      <IsEnabledForMobileClient>0</IsEnabledForMobileClient>
      <IsAvailableForMobileOffline>0</IsAvailableForMobileOffline>
      <DependencyXml>&lt;Dependencies&gt;&lt;Dependency componentType="WebResource"/&gt;&lt;/Dependencies&gt;</DependencyXml>
      <IsCustomizable>1</IsCustomizable>
      <CanBeDeleted>1</CanBeDeleted>
      <IsHidden>0</IsHidden>
      <FileName>/WebResources/cc_DrewPfeifDPPSPDFKitpspdfkit-libchunk-locale-sl-8D92467A-0616-EA11-A811-000D3A30022A</FileName>
    </WebResource>
    <WebResource>
      <WebResourceId>{19d37598-0616-ea11-a811-000d3a30022a}</WebResourceId>
      <Name>cc_DrewPfeif.DPPSPDFKit/pspdfkit-lib/chunk-locale-sv-a0293f8eac58abac.js</Name>
      <DisplayName>DrewPfeif.DPPSPDFKit/pspdfkit-lib/chunk-locale-sv-a0293f8eac58abac.js</DisplayName>
      <WebResourceType>3</WebResourceType>
      <IntroducedVersion>1.0.0.0</IntroducedVersion>
      <IsEnabledForMobileClient>0</IsEnabledForMobileClient>
      <IsAvailableForMobileOffline>0</IsAvailableForMobileOffline>
      <DependencyXml>&lt;Dependencies&gt;&lt;Dependency componentType="WebResource"/&gt;&lt;/Dependencies&gt;</DependencyXml>
      <IsCustomizable>1</IsCustomizable>
      <CanBeDeleted>1</CanBeDeleted>
      <IsHidden>0</IsHidden>
      <FileName>/WebResources/cc_DrewPfeifDPPSPDFKitpspdfkit-libchunk-locale-sv-19D37598-0616-EA11-A811-000D3A30022A</FileName>
    </WebResource>
    <WebResource>
      <WebResourceId>{c41d77ac-0616-ea11-a811-000d3a30022a}</WebResourceId>
      <Name>cc_DrewPfeif.DPPSPDFKit/pspdfkit-lib/chunk-locale-th-590559f1cc36e3a1.js</Name>
      <DisplayName>DrewPfeif.DPPSPDFKit/pspdfkit-lib/chunk-locale-th-590559f1cc36e3a1.js</DisplayName>
      <WebResourceType>3</WebResourceType>
      <IntroducedVersion>1.0.0.0</IntroducedVersion>
      <IsEnabledForMobileClient>0</IsEnabledForMobileClient>
      <IsAvailableForMobileOffline>0</IsAvailableForMobileOffline>
      <DependencyXml>&lt;Dependencies&gt;&lt;Dependency componentType="WebResource"/&gt;&lt;/Dependencies&gt;</DependencyXml>
      <IsCustomizable>1</IsCustomizable>
      <CanBeDeleted>1</CanBeDeleted>
      <IsHidden>0</IsHidden>
      <FileName>/WebResources/cc_DrewPfeifDPPSPDFKitpspdfkit-libchunk-locale-th-C41D77AC-0616-EA11-A811-000D3A30022A</FileName>
    </WebResource>
    <WebResource>
      <WebResourceId>{566acec6-0616-ea11-a811-000d3a30022a}</WebResourceId>
      <Name>cc_Contoso.TSLinearInputComponent/pspdfkit-lib/chunk-locale-tr-4cc9744649de940f.js</Name>
      <DisplayName>Contoso.TSLinearInputComponent/pspdfkit-lib/chunk-locale-tr-4cc9744649de940f.js</DisplayName>
      <WebResourceType>3</WebResourceType>
      <IntroducedVersion>1.0.0.0</IntroducedVersion>
      <IsEnabledForMobileClient>0</IsEnabledForMobileClient>
      <IsAvailableForMobileOffline>0</IsAvailableForMobileOffline>
      <DependencyXml>&lt;Dependencies&gt;&lt;Dependency componentType="WebResource"/&gt;&lt;/Dependencies&gt;</DependencyXml>
      <IsCustomizable>1</IsCustomizable>
      <CanBeDeleted>1</CanBeDeleted>
      <IsHidden>0</IsHidden>
      <FileName>/WebResources/cc_ContosoTSLinearInputComponentpspdfkit-libchunk-566ACEC6-0616-EA11-A811-000D3A30022A</FileName>
    </WebResource>
    <WebResource>
      <WebResourceId>{36a9e2dd-0616-ea11-a811-000d3a30022a}</WebResourceId>
      <Name>cc_DrewPfeif.DPPSPDFKit/pspdfkit-lib/chunk-locale-uk-252e0f588a92aa8a.js</Name>
      <DisplayName>DrewPfeif.DPPSPDFKit/pspdfkit-lib/chunk-locale-uk-252e0f588a92aa8a.js</DisplayName>
      <WebResourceType>3</WebResourceType>
      <IntroducedVersion>1.0.0.0</IntroducedVersion>
      <IsEnabledForMobileClient>0</IsEnabledForMobileClient>
      <IsAvailableForMobileOffline>0</IsAvailableForMobileOffline>
      <DependencyXml>&lt;Dependencies&gt;&lt;Dependency componentType="WebResource"/&gt;&lt;/Dependencies&gt;</DependencyXml>
      <IsCustomizable>1</IsCustomizable>
      <CanBeDeleted>1</CanBeDeleted>
      <IsHidden>0</IsHidden>
      <FileName>/WebResources/cc_DrewPfeifDPPSPDFKitpspdfkit-libchunk-locale-uk-36A9E2DD-0616-EA11-A811-000D3A30022A</FileName>
    </WebResource>
    <WebResource>
      <WebResourceId>{a5f89bef-0616-ea11-a811-000d3a30022a}</WebResourceId>
      <Name>cc_DrewPfeif.DPPSPDFKit/pspdfkit-lib/chunk-locale-zh-b20a457ef63f775e.js</Name>
      <DisplayName>DrewPfeif.DPPSPDFKit/pspdfkit-lib/chunk-locale-zh-b20a457ef63f775e.js</DisplayName>
      <WebResourceType>3</WebResourceType>
      <IntroducedVersion>1.0.0.0</IntroducedVersion>
      <IsEnabledForMobileClient>0</IsEnabledForMobileClient>
      <IsAvailableForMobileOffline>0</IsAvailableForMobileOffline>
      <DependencyXml>&lt;Dependencies&gt;&lt;Dependency componentType="WebResource"/&gt;&lt;/Dependencies&gt;</DependencyXml>
      <IsCustomizable>1</IsCustomizable>
      <CanBeDeleted>1</CanBeDeleted>
      <IsHidden>0</IsHidden>
      <FileName>/WebResources/cc_DrewPfeifDPPSPDFKitpspdfkit-libchunk-locale-zh-A5F89BEF-0616-EA11-A811-000D3A30022A</FileName>
    </WebResource>
    <WebResource>
      <WebResourceId>{6802ea00-0716-ea11-a811-000d3a30022a}</WebResourceId>
      <Name>cc_DrewPfeif.DPPSPDFKit/pspdfkit-lib/chunk-locale-zh-Hans-e4d089f54a7928d1.js</Name>
      <DisplayName>DrewPfeif.DPPSPDFKit/pspdfkit-lib/chunk-locale-zh-Hans-e4d089f54a7928d1.js</DisplayName>
      <WebResourceType>3</WebResourceType>
      <IntroducedVersion>1.0.0.0</IntroducedVersion>
      <IsEnabledForMobileClient>0</IsEnabledForMobileClient>
      <IsAvailableForMobileOffline>0</IsAvailableForMobileOffline>
      <DependencyXml>&lt;Dependencies&gt;&lt;Dependency componentType="WebResource"/&gt;&lt;/Dependencies&gt;</DependencyXml>
      <IsCustomizable>1</IsCustomizable>
      <CanBeDeleted>1</CanBeDeleted>
      <IsHidden>0</IsHidden>
      <FileName>/WebResources/cc_DrewPfeifDPPSPDFKitpspdfkit-libchunk-locale-zh-6802EA00-0716-EA11-A811-000D3A30022A</FileName>
    </WebResource>
    <WebResource>
      <WebResourceId>{fd51d109-0716-ea11-a811-000d3a30022a}</WebResourceId>
      <Name>cc_DrewPfeif.DPPSPDFKit/pspdfkit-lib/chunk-locale-zh-Hant-5513a2f10fbf7667.js</Name>
      <DisplayName>DrewPfeif.DPPSPDFKit/pspdfkit-lib/chunk-locale-zh-Hant-5513a2f10fbf7667.js</DisplayName>
      <WebResourceType>3</WebResourceType>
      <IntroducedVersion>1.0.0.0</IntroducedVersion>
      <IsEnabledForMobileClient>0</IsEnabledForMobileClient>
      <IsAvailableForMobileOffline>0</IsAvailableForMobileOffline>
      <DependencyXml>&lt;Dependencies&gt;&lt;Dependency componentType="WebResource"/&gt;&lt;/Dependencies&gt;</DependencyXml>
      <IsCustomizable>1</IsCustomizable>
      <CanBeDeleted>1</CanBeDeleted>
      <IsHidden>0</IsHidden>
      <FileName>/WebResources/cc_DrewPfeifDPPSPDFKitpspdfkit-libchunk-locale-zh-FD51D109-0716-EA11-A811-000D3A30022A</FileName>
    </WebResource>
    <WebResource>
      <WebResourceId>{a0b57718-0716-ea11-a811-000d3a30022a}</WebResourceId>
      <Name>cc_DrewPfeif.DPPSPDFKit/pspdfkit-lib/chunk-server-0f20c17d9c219cf8.js</Name>
      <DisplayName>DrewPfeif.DPPSPDFKit/pspdfkit-lib/chunk-server-0f20c17d9c219cf8.js</DisplayName>
      <WebResourceType>3</WebResourceType>
      <IntroducedVersion>1.0.0.0</IntroducedVersion>
      <IsEnabledForMobileClient>0</IsEnabledForMobileClient>
      <IsAvailableForMobileOffline>0</IsAvailableForMobileOffline>
      <DependencyXml>&lt;Dependencies&gt;&lt;Dependency componentType="WebResource"/&gt;&lt;/Dependencies&gt;</DependencyXml>
      <IsCustomizable>1</IsCustomizable>
      <CanBeDeleted>1</CanBeDeleted>
      <IsHidden>0</IsHidden>
      <FileName>/WebResources/cc_DrewPfeifDPPSPDFKitpspdfkit-libchunk-server-0f2A0B57718-0716-EA11-A811-000D3A30022A</FileName>
    </WebResource>
    <WebResource>
      <WebResourceId>{7d859e22-0716-ea11-a811-000d3a30022a}</WebResourceId>
      <Name>cc_DrewPfeif.DPPSPDFKit/pspdfkit-lib/chunk-server-rest-96762c442680603e.js</Name>
      <DisplayName>DrewPfeif.DPPSPDFKit/pspdfkit-lib/chunk-server-rest-96762c442680603e.js</DisplayName>
      <WebResourceType>3</WebResourceType>
      <IntroducedVersion>1.0.0.0</IntroducedVersion>
      <IsEnabledForMobileClient>0</IsEnabledForMobileClient>
      <IsAvailableForMobileOffline>0</IsAvailableForMobileOffline>
      <DependencyXml>&lt;Dependencies&gt;&lt;Dependency componentType="WebResource"/&gt;&lt;/Dependencies&gt;</DependencyXml>
      <IsCustomizable>1</IsCustomizable>
      <CanBeDeleted>1</CanBeDeleted>
      <IsHidden>0</IsHidden>
      <FileName>/WebResources/cc_DrewPfeifDPPSPDFKitpspdfkit-libchunk-server-res7D859E22-0716-EA11-A811-000D3A30022A</FileName>
    </WebResource>
    <WebResource>
      <WebResourceId>{1335b339-0716-ea11-a811-000d3a30022a}</WebResourceId>
      <Name>cc_DrewPfeif.DPPSPDFKit/pspdfkit-lib/dark-0c58e6b9586ad630.css</Name>
      <DisplayName>DrewPfeif.DPPSPDFKit/pspdfkit-lib/dark-0c58e6b9586ad630.css</DisplayName>
      <WebResourceType>2</WebResourceType>
      <IntroducedVersion>1.0.0.0</IntroducedVersion>
      <IsEnabledForMobileClient>0</IsEnabledForMobileClient>
      <IsAvailableForMobileOffline>0</IsAvailableForMobileOffline>
      <DependencyXml>&lt;Dependencies&gt;&lt;Dependency componentType="WebResource"/&gt;&lt;/Dependencies&gt;</DependencyXml>
      <IsCustomizable>1</IsCustomizable>
      <CanBeDeleted>1</CanBeDeleted>
      <IsHidden>0</IsHidden>
      <FileName>/WebResources/cc_DrewPfeifDPPSPDFKitpspdfkit-libdark-0c58e6b95861335B339-0716-EA11-A811-000D3A30022A</FileName>
    </WebResource>
    <WebResource>
      <WebResourceId>{02f1ce58-0716-ea11-a811-000d3a30022a}</WebResourceId>
      <Name>cc_DrewPfeif.DPPSPDFKit/pspdfkit-lib/pspdfkit-521e5f272e75c9d9.asm.js</Name>
      <DisplayName>DrewPfeif.DPPSPDFKit/pspdfkit-lib/pspdfkit-521e5f272e75c9d9.asm.js</DisplayName>
      <WebResourceType>3</WebResourceType>
      <IntroducedVersion>1.0.0.0</IntroducedVersion>
      <IsEnabledForMobileClient>0</IsEnabledForMobileClient>
      <IsAvailableForMobileOffline>0</IsAvailableForMobileOffline>
      <DependencyXml>&lt;Dependencies&gt;&lt;Dependency componentType="WebResource"/&gt;&lt;/Dependencies&gt;</DependencyXml>
      <IsCustomizable>1</IsCustomizable>
      <CanBeDeleted>1</CanBeDeleted>
      <IsHidden>0</IsHidden>
      <FileName>/WebResources/cc_DrewPfeifDPPSPDFKitpspdfkit-libpspdfkit-521e5f202F1CE58-0716-EA11-A811-000D3A30022A</FileName>
    </WebResource>
    <WebResource>
      <WebResourceId>{17e6ff77-0716-ea11-a811-000d3a30022a}</WebResourceId>
      <Name>cc_DrewPfeif.DPPSPDFKit/pspdfkit-lib/pspdfkit-5982d8626d22d01f.asm.js.mem</Name>
      <DisplayName>DrewPfeif.DPPSPDFKit/pspdfkit-lib/pspdfkit-5982d8626d22d01f.asm.js.mem</DisplayName>
      <WebResourceType>3</WebResourceType>
      <IntroducedVersion>1.0.0.0</IntroducedVersion>
      <IsEnabledForMobileClient>0</IsEnabledForMobileClient>
      <IsAvailableForMobileOffline>0</IsAvailableForMobileOffline>
      <DependencyXml>&lt;Dependencies&gt;&lt;Dependency componentType="WebResource"/&gt;&lt;/Dependencies&gt;</DependencyXml>
      <IsCustomizable>1</IsCustomizable>
      <CanBeDeleted>1</CanBeDeleted>
      <IsHidden>0</IsHidden>
      <FileName>/WebResources/cc_DrewPfeifDPPSPDFKitpspdfkit-libpspdfkit-5982d8617E6FF77-0716-EA11-A811-000D3A30022A</FileName>
    </WebResource>
    <WebResource>
      <WebResourceId>{c45f8192-0716-ea11-a811-000d3a30022a}</WebResourceId>
      <Name>cc_DrewPfeif.DPPSPDFKit/pspdfkit-lib/windows-fc8cd3301f73c957.css</Name>
      <DisplayName>DrewPfeif.DPPSPDFKit/pspdfkit-lib/windows-fc8cd3301f73c957.css</DisplayName>
      <WebResourceType>2</WebResourceType>
      <IntroducedVersion>1.0.0.0</IntroducedVersion>
      <IsEnabledForMobileClient>0</IsEnabledForMobileClient>
      <IsAvailableForMobileOffline>0</IsAvailableForMobileOffline>
      <DependencyXml>&lt;Dependencies&gt;&lt;Dependency componentType="WebResource"/&gt;&lt;/Dependencies&gt;</DependencyXml>
      <IsCustomizable>1</IsCustomizable>
      <CanBeDeleted>1</CanBeDeleted>
      <IsHidden>0</IsHidden>
      <FileName>/WebResources/cc_DrewPfeifDPPSPDFKitpspdfkit-libwindows-fc8cd330C45F8192-0716-EA11-A811-000D3A30022A</FileName>
    </WebResource>
  </WebResources>
  <CustomControls />
  <EntityDataProviders />
  <Languages>
    <Language>1033</Language>
  </Languages>
</ImportExportXml>