<ImportExportXml version="9.1.0.10334" SolutionPackageVersion="9.1" languagecode="1033" generatedBy="CrmLive" xmlns:xsi="http://www.w3.org/2001/XMLSchema-instance">
  <SolutionManifest>
    <UniqueName>pspdfkit</UniqueName>
    <LocalizedNames>
      <LocalizedName description="pspdfkit-lib" languagecode="1033" />
    </LocalizedNames>
    <Descriptions />
    <Version>1.0.0.0</Version>
    <Managed>1</Managed>
    <Publisher>
      <UniqueName>cc</UniqueName>
      <LocalizedNames>
        <LocalizedName description="Custom Control" languagecode="1033" />
      </LocalizedNames>
      <Descriptions />
      <EMailAddress xsi:nil="true"></EMailAddress>
      <SupportingWebsiteUrl xsi:nil="true"></SupportingWebsiteUrl>
      <CustomizationPrefix>cc</CustomizationPrefix>
      <CustomizationOptionValuePrefix>94812</CustomizationOptionValuePrefix>
      <Addresses>
        <Address>
          <AddressNumber>1</AddressNumber>
          <AddressTypeCode>1</AddressTypeCode>
          <City xsi:nil="true"></City>
          <County xsi:nil="true"></County>
          <Country xsi:nil="true"></Country>
          <Fax xsi:nil="true"></Fax>
          <FreightTermsCode xsi:nil="true"></FreightTermsCode>
          <ImportSequenceNumber xsi:nil="true"></ImportSequenceNumber>
          <Latitude xsi:nil="true"></Latitude>
          <Line1 xsi:nil="true"></Line1>
          <Line2 xsi:nil="true"></Line2>
          <Line3 xsi:nil="true"></Line3>
          <Longitude xsi:nil="true"></Longitude>
          <Name xsi:nil="true"></Name>
          <PostalCode xsi:nil="true"></PostalCode>
          <PostOfficeBox xsi:nil="true"></PostOfficeBox>
          <PrimaryContactName xsi:nil="true"></PrimaryContactName>
          <ShippingMethodCode>1</ShippingMethodCode>
          <StateOrProvince xsi:nil="true"></StateOrProvince>
          <Telephone1 xsi:nil="true"></Telephone1>
          <Telephone2 xsi:nil="true"></Telephone2>
          <Telephone3 xsi:nil="true"></Telephone3>
          <TimeZoneRuleVersionNumber xsi:nil="true"></TimeZoneRuleVersionNumber>
          <UPSZone xsi:nil="true"></UPSZone>
          <UTCOffset xsi:nil="true"></UTCOffset>
          <UTCConversionTimeZoneCode xsi:nil="true"></UTCConversionTimeZoneCode>
        </Address>
        <Address>
          <AddressNumber>2</AddressNumber>
          <AddressTypeCode>1</AddressTypeCode>
          <City xsi:nil="true"></City>
          <County xsi:nil="true"></County>
          <Country xsi:nil="true"></Country>
          <Fax xsi:nil="true"></Fax>
          <FreightTermsCode xsi:nil="true"></FreightTermsCode>
          <ImportSequenceNumber xsi:nil="true"></ImportSequenceNumber>
          <Latitude xsi:nil="true"></Latitude>
          <Line1 xsi:nil="true"></Line1>
          <Line2 xsi:nil="true"></Line2>
          <Line3 xsi:nil="true"></Line3>
          <Longitude xsi:nil="true"></Longitude>
          <Name xsi:nil="true"></Name>
          <PostalCode xsi:nil="true"></PostalCode>
          <PostOfficeBox xsi:nil="true"></PostOfficeBox>
          <PrimaryContactName xsi:nil="true"></PrimaryContactName>
          <ShippingMethodCode>1</ShippingMethodCode>
          <StateOrProvince xsi:nil="true"></StateOrProvince>
          <Telephone1 xsi:nil="true"></Telephone1>
          <Telephone2 xsi:nil="true"></Telephone2>
          <Telephone3 xsi:nil="true"></Telephone3>
          <TimeZoneRuleVersionNumber xsi:nil="true"></TimeZoneRuleVersionNumber>
          <UPSZone xsi:nil="true"></UPSZone>
          <UTCOffset xsi:nil="true"></UTCOffset>
          <UTCConversionTimeZoneCode xsi:nil="true"></UTCConversionTimeZoneCode>
        </Address>
      </Addresses>
    </Publisher>
    <RootComponents>
      <RootComponent type="61" schemaName="cc_Contoso.TSLinearInputComponent/pspdfkit-lib/chunk-locale-tr-4cc9744649de940f.js" behavior="0" />
      <RootComponent type="61" schemaName="cc_DrewPfeif.DPPSPDFKit/pspdfkit-lib/chunk-36-8a4c65e048ac2bc1.js" behavior="0" />
      <RootComponent type="61" schemaName="cc_DrewPfeif.DPPSPDFKit/pspdfkit-lib/chunk-37-dd7b17b52543cf46.js" behavior="0" />
      <RootComponent type="61" schemaName="cc_DrewPfeif.DPPSPDFKit/pspdfkit-lib/chunk-38-cbf22e1a047cd21c.js" behavior="0" />
      <RootComponent type="61" schemaName="cc_DrewPfeif.DPPSPDFKit/pspdfkit-lib/chunk-locale-cs-8680075e7b9c24ad.js" behavior="0" />
      <RootComponent type="61" schemaName="cc_DrewPfeif.DPPSPDFKit/pspdfkit-lib/chunk-locale-cy-4672bb90ef6764a5.js" behavior="0" />
      <RootComponent type="61" schemaName="cc_DrewPfeif.DPPSPDFKit/pspdfkit-lib/chunk-locale-da-9c6343024200375a.js" behavior="0" />
      <RootComponent type="61" schemaName="cc_DrewPfeif.DPPSPDFKit/pspdfkit-lib/chunk-locale-de-9aed968f91ff169e.js" behavior="0" />
      <RootComponent type="61" schemaName="cc_DrewPfeif.DPPSPDFKit/pspdfkit-lib/chunk-locale-el-657fd34a32317a66.js" behavior="0" />
      <RootComponent type="61" schemaName="cc_DrewPfeif.DPPSPDFKit/pspdfkit-lib/chunk-locale-en-a450996c8e6756fa.js" behavior="0" />
      <RootComponent type="61" schemaName="cc_DrewPfeif.DPPSPDFKit/pspdfkit-lib/chunk-locale-es-fbbe6418332a4470.js" behavior="0" />
      <RootComponent type="61" schemaName="cc_DrewPfeif.DPPSPDFKit/pspdfkit-lib/chunk-locale-fi-58fa0648f3555a5d.js" behavior="0" />
      <RootComponent type="61" schemaName="cc_DrewPfeif.DPPSPDFKit/pspdfkit-lib/chunk-locale-fr-48fdb908fcf9fbe2.js" behavior="0" />
      <RootComponent type="61" schemaName="cc_DrewPfeif.DPPSPDFKit/pspdfkit-lib/chunk-locale-fr-CA-8dac82c2849f300a.js" behavior="0" />
      <RootComponent type="61" schemaName="cc_DrewPfeif.DPPSPDFKit/pspdfkit-lib/chunk-locale-hr-abddd7d204ce71fe.js" behavior="0" />
      <RootComponent type="61" schemaName="cc_DrewPfeif.DPPSPDFKit/pspdfkit-lib/chunk-locale-id-82975225d69fc3c6.js" behavior="0" />
      <RootComponent type="61" schemaName="cc_DrewPfeif.DPPSPDFKit/pspdfkit-lib/chunk-locale-it-635da2c44569d40b.js" behavior="0" />
      <RootComponent type="61" schemaName="cc_DrewPfeif.DPPSPDFKit/pspdfkit-lib/chunk-locale-ja-5a0b99a40aa587d4.js" behavior="0" />
      <RootComponent type="61" schemaName="cc_DrewPfeif.DPPSPDFKit/pspdfkit-lib/chunk-locale-ko-599e8d51d089fecd.js" behavior="0" />
      <RootComponent type="61" schemaName="cc_DrewPfeif.DPPSPDFKit/pspdfkit-lib/chunk-locale-ms-90f060bbdb0cb6f2.js" behavior="0" />
      <RootComponent type="61" schemaName="cc_DrewPfeif.DPPSPDFKit/pspdfkit-lib/chunk-locale-nb-77d27b914f5a566f.js" behavior="0" />
      <RootComponent type="61" schemaName="cc_DrewPfeif.DPPSPDFKit/pspdfkit-lib/chunk-locale-nb-NO-2ccaf24f06c141cf.js" behavior="0" />
      <RootComponent type="61" schemaName="cc_DrewPfeif.DPPSPDFKit/pspdfkit-lib/chunk-locale-nl-3380eb2467ec4248.js" behavior="0" />
      <RootComponent type="61" schemaName="cc_DrewPfeif.DPPSPDFKit/pspdfkit-lib/chunk-locale-pl-94bb1f7e502b9904.js" behavior="0" />
      <RootComponent type="61" schemaName="cc_DrewPfeif.DPPSPDFKit/pspdfkit-lib/chunk-locale-pt-6154a607d64f69ff.js" behavior="0" />
      <RootComponent type="61" schemaName="cc_DrewPfeif.DPPSPDFKit/pspdfkit-lib/chunk-locale-pt-PT-a09c475293fa22e8.js" behavior="0" />
      <RootComponent type="61" schemaName="cc_DrewPfeif.DPPSPDFKit/pspdfkit-lib/chunk-locale-ru-05bff2ece688f77b.js" behavior="0" />
      <RootComponent type="61" schemaName="cc_DrewPfeif.DPPSPDFKit/pspdfkit-lib/chunk-locale-sk-5e21d5f7395730dc.js" behavior="0" />
      <RootComponent type="61" schemaName="cc_DrewPfeif.DPPSPDFKit/pspdfkit-lib/chunk-locale-sl-dd7e0c1eb4f90e4a.js" behavior="0" />
      <RootComponent type="61" schemaName="cc_DrewPfeif.DPPSPDFKit/pspdfkit-lib/chunk-locale-sv-a0293f8eac58abac.js" behavior="0" />
      <RootComponent type="61" schemaName="cc_DrewPfeif.DPPSPDFKit/pspdfkit-lib/chunk-locale-th-590559f1cc36e3a1.js" behavior="0" />
      <RootComponent type="61" schemaName="cc_DrewPfeif.DPPSPDFKit/pspdfkit-lib/chunk-locale-uk-252e0f588a92aa8a.js" behavior="0" />
      <RootComponent type="61" schemaName="cc_DrewPfeif.DPPSPDFKit/pspdfkit-lib/chunk-locale-zh-b20a457ef63f775e.js" behavior="0" />
      <RootComponent type="61" schemaName="cc_DrewPfeif.DPPSPDFKit/pspdfkit-lib/chunk-locale-zh-Hans-e4d089f54a7928d1.js" behavior="0" />
      <RootComponent type="61" schemaName="cc_DrewPfeif.DPPSPDFKit/pspdfkit-lib/chunk-locale-zh-Hant-5513a2f10fbf7667.js" behavior="0" />
      <RootComponent type="61" schemaName="cc_DrewPfeif.DPPSPDFKit/pspdfkit-lib/chunk-server-0f20c17d9c219cf8.js" behavior="0" />
      <RootComponent type="61" schemaName="cc_DrewPfeif.DPPSPDFKit/pspdfkit-lib/chunk-server-rest-96762c442680603e.js" behavior="0" />
      <RootComponent type="61" schemaName="cc_DrewPfeif.DPPSPDFKit/pspdfkit-lib/chunk-standalone-d846d42cd9fe5aa7.js" behavior="0" />
      <RootComponent type="61" schemaName="cc_DrewPfeif.DPPSPDFKit/pspdfkit-lib/dark-0c58e6b9586ad630.css" behavior="0" />
      <RootComponent type="61" schemaName="cc_DrewPfeif.DPPSPDFKit/pspdfkit-lib/pspdfkit-521e5f272e75c9d9.asm.js" behavior="0" />
      <RootComponent type="61" schemaName="cc_DrewPfeif.DPPSPDFKit/pspdfkit-lib/pspdfkit-5982d8626d22d01f.asm.js.mem" behavior="0" />
      <RootComponent type="61" schemaName="cc_DrewPfeif.DPPSPDFKit/pspdfkit-lib/pspdfkit-6d6ccc025d5e792e.wasm.js" behavior="0" />
      <RootComponent type="61" schemaName="cc_DrewPfeif.DPPSPDFKit/pspdfkit-lib/pspdfkit-a9920be7ccaf7bfc.wasm" behavior="0" />
      <RootComponent type="61" schemaName="cc_DrewPfeif.DPPSPDFKit/pspdfkit-lib/pspdfkit.css" behavior="0" />
      <RootComponent type="61" schemaName="cc_DrewPfeif.DPPSPDFKit/pspdfkit-lib/windows-fc8cd3301f73c957.css" behavior="0" />
    </RootComponents>
    <MissingDependencies />
  </SolutionManifest>
</ImportExportXml>